2022-10-22 01:07:48.046277,Pavel,1293578282,/help
2022-10-22 01:08:02.346299,Pavel,1293578282,/hi
2022-10-22 01:12:13.379261,Pavel,1293578282,/start
2022-10-22 01:12:18.261207,Pavel,1293578282,/help
2022-10-22 01:12:34.980093,Pavel,1293578282,/start
2022-10-22 01:12:50.067935,Pavel,1293578282,/start
2022-10-22 01:12:56.288693,Pavel,1293578282,/help
2022-10-22 01:13:23.293219,Pavel,1293578282,/start
2022-10-22 01:13:31.067929,Pavel,1293578282,/help
2022-10-22 03:58:43.258587,Pavel,1293578282,/start
2022-10-22 03:58:48.392986,Pavel,1293578282,/help
2022-10-22 03:58:51.916377,Pavel,1293578282,/is_odd_or_not
2022-10-22 03:58:58.375125,Pavel,1293578282,/is_odd_or_not
2022-10-22 03:59:23.898763,Pavel,1293578282,/is_odd_or_not
2022-10-22 04:01:23.246690,Pavel,1293578282,/is_odd_or_not
2022-10-22 04:01:27.049332,Pavel,1293578282,/is_odd_or_not
2022-10-22 04:01:31.926503,Pavel,1293578282,/is_odd_or_not
2022-10-22 04:02:04.271839,Pavel,1293578282,/is_odd_or_not
2022-10-22 04:05:07.339588,Pavel,1293578282,/is_odd_or_not
2022-10-22 04:06:40.387048,Pavel,1293578282,/is_odd_or_not
2022-10-22 04:07:13.217096,Pavel,1293578282,/is_odd_or_not
2022-10-22 04:08:37.826276,Pavel,1293578282,/is_odd_or_not
2022-10-22 04:09:15.528631,Pavel,1293578282,/is_odd_or_not
2022-10-22 04:11:10.710237,Pavel,1293578282,/is_odd_or_not
2022-10-22 04:11:57.195474,Pavel,1293578282,/is_odd_or_not
2022-10-22 04:12:50.354705,Pavel,1293578282,/start
2022-10-22 04:13:01.897608,Pavel,1293578282,/start
2022-10-22 04:13:04.392947,Pavel,1293578282,/help
2022-10-22 04:13:07.892270,Pavel,1293578282,/is_odd_or_not
2022-10-22 15:09:24.251199,Pavel,1293578282,/is_odd_or_not
2022-10-22 15:09:46.894345,Pavel,1293578282,/is_odd_or_not
2022-10-22 15:23:37.096129,Pavel,1293578282,/start
2022-10-22 15:23:40.124739,Pavel,1293578282,/help
2022-10-22 15:24:34.884380,Pavel,1293578282,/is_odd_or_not
2022-10-22 15:29:15.962278,Pavel,1293578282,/is_odd_or_not
2022-10-22 15:36:49.862121,Pavel,1293578282,/is_odd_or_not
2022-10-22 15:36:53.920190,Pavel,1293578282,1
2022-10-22 15:36:58.103208,Pavel,1293578282,4
2022-10-22 15:37:09.581681,Pavel,1293578282,(((
2022-10-22 15:43:32.762436,Pavel,1293578282,/start
2022-10-22 15:43:35.808202,Pavel,1293578282,/help
2022-10-22 15:43:37.925565,Pavel,1293578282,/is_odd_or_not
2022-10-22 15:43:44.622665,Pavel,1293578282,1
2022-10-22 15:44:09.074711,Pavel,1293578282,4
2022-10-22 15:44:12.872037,Pavel,1293578282,â‚½)
2022-10-22 15:47:13.630796,Pavel,1293578282,/is_odd_or_not
2022-10-22 15:47:16.775616,Pavel,1293578282,1
2022-10-22 15:59:54.125507,Pavel,1293578282,/is_odd_or_not
2022-10-22 16:03:04.578994,Pavel,1293578282,/is_odd
2022-10-22 16:03:18.763037,Pavel,1293578282,/is_odd 1
2022-10-22 16:03:46.609415,Pavel,1293578282,/is_odd 5
2022-10-22 16:05:43.408488,Pavel,1293578282,/sum 5 9
2022-10-22 16:06:00.501427,Pavel,1293578282,/is_odd 5
2022-10-22 16:07:13.933419,Pavel,1293578282,/is_odd
2022-10-22 16:09:03.572271,Pavel,1293578282,/is_odd
2022-10-22 16:09:57.364628,Pavel,1293578282,/is_odd 1
2022-10-22 16:12:58.455846,Pavel,1293578282,/is_odd
2022-10-22 16:13:03.236235,Pavel,1293578282,/is_odd
2022-10-22 16:13:29.346637,Pavel,1293578282,/is_odd 2
2022-10-22 16:16:07.331896,Pavel,1293578282,/is_odd
2022-10-22 16:16:17.753642,Pavel,1293578282,/is_odd
2022-10-22 16:16:34.549494,Pavel,1293578282,/is_odd 2
2022-10-22 16:16:55.747694,Pavel,1293578282,/is_odd 1
2022-10-22 16:17:22.517324,Pavel,1293578282,/start
2022-10-22 16:17:26.911282,Pavel,1293578282,/help
2022-10-22 16:17:49.280506,Pavel,1293578282,/is_odd 1
2022-10-22 16:19:46.731072,Pavel,1293578282,/help
2022-10-22 16:19:49.108992,Pavel,1293578282,/guess
2022-10-22 16:20:17.381013,Pavel,1293578282,/help
2022-10-22 16:20:19.505897,Pavel,1293578282,/guess
2022-10-22 16:20:27.543313,Pavel,1293578282,/guess 6
2022-10-22 16:21:36.611548,Pavel,1293578282,/guess
2022-10-22 16:21:46.458216,Pavel,1293578282,/guess 1
2022-10-22 16:22:10.674398,Pavel,1293578282,/start
2022-10-22 16:22:13.382460,Pavel,1293578282,/help
2022-10-22 16:22:17.196334,Pavel,1293578282,/guess
2022-10-22 16:22:30.595406,Pavel,1293578282,/guess 7
2022-10-22 16:22:52.881492,Pavel,1293578282,/guess 2
2022-10-22 16:23:13.564178,Pavel,1293578282,/guess 5
2022-10-22 16:23:30.690293,Pavel,1293578282,/start
2022-10-22 16:23:38.318485,Pavel,1293578282,/help
2022-10-22 16:24:10.404629,Pavel,1293578282,/guess 6
2022-10-22 16:24:34.459939,Pavel,1293578282,/guess 5
2022-10-22 16:29:10.272149,Pavel,1293578282,/guess
2022-10-22 16:29:18.752548,Pavel,1293578282,/guess g
2022-10-22 16:30:40.631670,Pavel,1293578282,/guess 1
2022-10-22 16:30:48.657352,Pavel,1293578282,/guess 4
2022-10-22 16:30:58.544573,Pavel,1293578282,/guess t t
2022-10-22 16:31:07.592440,Pavel,1293578282,/guess )
2022-10-22 16:31:15.302402,Pavel,1293578282,/guess 11
2022-10-22 16:44:54.604490,Pavel,1293578282,/help
2022-10-22 16:45:07.604741,Pavel,1293578282,/csum
2022-10-22 16:45:28.828904,Pavel,1293578282,/csum 5 2 7 8
2022-10-22 16:47:09.934512,Pavel,1293578282,/start
2022-10-22 16:47:13.347521,Pavel,1293578282,/help
2022-10-22 16:47:18.191641,Pavel,1293578282,/hi
2022-10-22 16:47:20.829801,Pavel,1293578282,/time
2022-10-22 16:47:23.969630,Pavel,1293578282,/help
2022-10-22 16:47:31.704535,Pavel,1293578282,/sum
2022-10-22 16:47:42.163404,Pavel,1293578282,/sum 4 9
2022-10-22 16:47:47.736809,Pavel,1293578282,/guess
2022-10-22 16:47:56.861624,Pavel,1293578282,/guess 5
2022-10-22 16:48:16.266811,Pavel,1293578282,/csum 4 g f g
2022-10-22 16:48:30.029766,Pavel,1293578282,/csum 4 2 6 8
